q,I,dI
0.1,316.2221514,0
0.100076808,316.1328107,0
0.100153675,316.0433567,0
0.100230601,315.9537894,0
0.100307586,315.8641086,0
0.10038463,315.7743141,0
0.100461733,315.684406,0
0.100538896,315.5943841,0
0.100616118,315.5042483,0
0.100693399,315.4139985,0
0.100770739,315.3236345,0
0.100848139,315.2331564,0
0.100925599,315.1425639,0
0.101003117,315.0518569,0
0.101080696,314.9610355,0
0.101158334,314.8700994,0
0.101236031,314.7790485,0
0.101313789,314.6878828,0
0.101391606,314.5966021,0
0.101469482,314.5052063,0
0.101547419,314.4136954,0
0.101625415,314.3220692,0
0.101703472,314.2303276,0
0.101781588,314.1384705,0
0.101859764,314.0464978,0
0.101938001,313.9544094,0
0.102016297,313.8622052,0
0.102094654,313.7698851,0
0.102173071,313.6774489,0
0.102251548,313.5848967,0
0.102330085,313.4922282,0
0.102408683,313.3994433,0
0.10248734,313.3065421,0
0.102566059,313.2135242,0
0.102644838,313.1203898,0
0.102723677,313.0271385,0
0.102802577,312.9337705,0
0.102881537,312.8402854,0
0.102960559,312.7466833,0
0.10303964,312.652964,0
0.103118783,312.5591274,0
0.103197986,312.4651734,0
0.103277251,312.3711019,0
0.103356576,312.2769128,0
0.103435962,312.182606,0
0.103515409,312.0881815,0
0.103594917,311.993639,0
0.103674486,311.8989784,0
0.103754116,311.8041998,0
0.103833808,311.7093029,0
0.10391356,311.6142877,0
0.103993374,311.5191541,0
0.104073249,311.4239019,0
0.104153186,311.3285311,0
0.104233183,311.2330415,0
0.104313243,311.1374331,0
0.104393364,311.0417057,0
0.104473546,310.9458593,0
0.10455379,310.8498937,0
0.104634095,310.7538088,0
0.104714463,310.6576045,0
0.104794892,310.5612808,0
0.104875383,310.4648374,0
0.104955935,310.3682744,0
0.10503655,310.2715916,0
0.105117226,310.1747889,0
0.105197964,310.0778662,0
0.105278765,309.9808234,0
0.105359627,309.8836604,0
0.105440552,309.7863771,0
0.105521538,309.6889733,0
0.105602587,309.591449,0
0.105683698,309.4938042,0
0.105764872,309.3960385,0
0.105846108,309.2981521,0
0.105927406,309.2001447,0
0.106008766,309.1020163,0
0.106090189,309.0037668,0
0.106171675,308.905396,0
0.106253223,308.8069038,0
0.106334834,308.7082903,0
0.106416508,308.6095551,0
0.106498244,308.5106983,0
0.106580043,308.4117198,0
0.106661905,308.3126194,0
0.10674383,308.213397,0
0.106825818,308.1140525,0
0.106907868,308.0145859,0
0.106989982,307.914997,0
0.107072159,307.8152858,0
0.107154399,307.7154521,0
0.107236702,307.6154957,0
0.107319068,307.5154167,0
0.107401498,307.415215,0
0.10748399,307.3148903,0
0.107566547,307.2144427,0
0.107649166,307.1138719,0
0.107731849,307.013178,0
0.107814596,306.9123608,0
0.107897406,306.8114202,0
0.10798028,306.710356,0
0.108063217,306.6091683,0
0.108146218,306.5078569,0
0.108229283,306.4064217,0
0.108312412,306.3048626,0
0.108395604,306.2031794,0
0.108478861,306.1013722,0
0.108562181,305.9994408,0
0.108645565,305.897385,0
0.108729014,305.7952049,0
0.108812526,305.6929002,0
0.108896103,305.5904709,0
0.108979744,305.4879169,0
0.109063449,305.3852381,0
0.109147218,305.2824344,0
0.109231052,305.1795057,0
0.10931495,305.0764518,0
0.109398912,304.9732728,0
0.109482939,304.8699684,0
0.109567031,304.7665386,0
0.109651187,304.6629833,0
0.109735408,304.5593024,0
0.109819693,304.4554958,0
0.109904044,304.3515633,0
0.109988459,304.247505,0
0.110072938,304.1433206,0
0.110157483,304.0390101,0
0.110242093,303.9345734,0
0.110326767,303.8300103,0
0.110411507,303.7253209,0
0.110496312,303.620505,0
0.110581182,303.5155624,0
0.110666117,303.4104931,0
0.110751117,303.3052971,0
0.110836183,303.1999741,0
0.110921314,303.0945241,0
0.11100651,302.988947,0
0.111091772,302.8832427,0
0.111177099,302.7774111,0
0.111262492,302.6714521,0
0.11134795,302.5653656,0
0.111433474,302.4591515,0
0.111519064,302.3528097,0
0.11160472,302.2463401,0
0.111690441,302.1397427,0
0.111776228,302.0330172,0
0.111862081,301.9261636,0
0.111948,301.8191819,0
0.112033985,301.7120719,0
0.112120036,301.6048335,0
0.112206153,301.4974666,0
0.112292336,301.3899712,0
0.112378585,301.2823471,0
0.112464901,301.1745942,0
0.112551283,301.0667125,0
0.112637731,300.9587018,0
0.112724246,300.850562,0
0.112810827,300.7422931,0
0.112897475,300.633895,0
0.112984189,300.5253675,0
0.11307097,300.4167105,0
0.113157817,300.3079241,0
0.113244731,300.199008,0
0.113331712,300.0899621,0
0.11341876,299.9807865,0
0.113505875,299.8714809,0
0.113593056,299.7620453,0
0.113680305,299.6524796,0
0.11376762,299.5427837,0
0.113855003,299.4329575,0
0.113942452,299.3230009,0
0.114029969,299.2129138,0
0.114117553,299.1026961,0
0.114205204,298.9923477,0
0.114292923,298.8818686,0
0.114380709,298.7712586,0
0.114468562,298.6605176,0
0.114556483,298.5496456,0
0.114644472,298.4386425,0
0.114732528,298.3275081,0
0.114820651,298.2162423,0
0.114908843,298.1048451,0
0.114997102,297.9933165,0
0.115085429,297.8816561,0
0.115173823,297.7698641,0
0.115262286,297.6579403,0
0.115350817,297.5458846,0
0.115439415,297.4336969,0
0.115528082,297.3213771,0
0.115616817,297.2089251,0
0.115705619,297.0963409,0
0.11579449,296.9836243,0
0.11588343,296.8707753,0
0.115972437,296.7577938,0
0.116061513,296.6446796,0
0.116150658,296.5314326,0
0.116239871,296.4180529,0
0.116329152,296.3045403,0
0.116418502,296.1908946,0
0.116507921,296.0771159,0
0.116597408,295.963204,0
0.116686964,295.8491588,0
0.116776589,295.7349803,0
0.116866283,295.6206683,0
0.116956045,295.5062228,0
0.117045877,295.3916437,0
0.117135777,295.2769308,0
0.117225747,295.1620841,0
0.117315785,295.0471035,0
0.117405893,294.931989,0
0.11749607,294.8167403,0
0.117586316,294.7013575,0
0.117676632,294.5858405,0
0.117767017,294.4701891,0
0.117857471,294.3544032,0
0.117947995,294.2384829,0
0.118038589,294.1224279,0
0.118129252,294.0062382,0
0.118219984,293.8899138,0
0.118310786,293.7734545,0
0.118401659,293.6568602,0
0.1184926,293.5401309,0
0.118583612,293.4232664,0
0.118674694,293.3062667,0
0.118765845,293.1891317,0
0.118857067,293.0718613,0
0.118948358,292.9544555,0
0.11903972,292.836914,0
0.119131152,292.7192369,0
0.119222654,292.6014241,0
0.119314227,292.4834755,0
0.119405869,292.3653909,0
0.119497583,292.2471703,0
0.119589366,292.1288137,0
0.11968122,292.0103208,0
0.119773145,291.8916918,0
0.11986514,291.7729264,0
0.119957206,291.6540245,0
0.120049343,291.5349862,0
0.12014155,291.4158113,0
0.120233828,291.2964997,0
0.120326177,291.1770513,0
0.120418597,291.0574661,0
0.120511088,290.937744,0
0.120603651,290.8178849,0
0.120696284,290.6978886,0
0.120788988,290.5777552,0
0.120881763,290.4574846,0
0.12097461,290.3370766,0
0.121067528,290.2165312,0
0.121160518,290.0958482,0
0.121253579,289.9750277,0
0.121346711,289.8540695,0
0.121439915,289.7329736,0
0.12153319,289.6117399,0
0.121626537,289.4903682,0
0.121719956,289.3688585,0
0.121813447,289.2472108,0
0.121907009,289.1254249,0
0.122000643,289.0035008,0
0.122094349,288.8814383,0
0.122188128,288.7592375,0
0.122281978,288.6368982,0
0.1223759,288.5144203,0
0.122469894,288.3918038,0
0.122563961,288.2690486,0
0.1226581,288.1461546,0
0.122752311,288.0231218,0
0.122846594,287.89995,0
0.12294095,287.7766391,0
0.123035379,287.6531892,0
0.12312988,287.5296001,0
0.123224453,287.4058717,0
0.123319099,287.282004,0
0.123413818,287.1579968,0
0.12350861,287.0338502,0
0.123603474,286.909564,0
0.123698411,286.7851382,0
0.123793421,286.6605727,0
0.123888504,286.5358673,0
0.123983661,286.4110221,0
0.12407889,286.2860369,0
0.124174192,286.1609117,0
0.124269568,286.0356465,0
0.124365017,285.910241,0
0.124460539,285.7846953,0
0.124556134,285.6590093,0
0.124651803,285.5331829,0
0.124747546,285.407216,0
0.124843362,285.2811086,0
0.124939251,285.1548605,0
0.125035215,285.0284718,0
0.125131252,284.9019423,0
0.125227362,284.7752719,0
0.125323547,284.6484607,0
0.125419805,284.5215085,0
0.125516138,284.3944152,0
0.125612544,284.2671808,0
0.125709024,284.1398052,0
0.125805579,284.0122884,0
0.125902207,283.8846302,0
0.12599891,283.7568306,0
0.126095687,283.6288895,0
0.126192539,283.5008069,0
0.126289465,283.3725826,0
0.126386465,283.2442167,0
0.12648354,283.115709,0
0.126580689,282.9870595,0
0.126677913,282.8582681,0
0.126775212,282.7293347,0
0.126872585,282.6002592,0
0.126970033,282.4710417,0
0.127067556,282.341682,0
0.127165154,282.2121801,0
0.127262827,282.0825359,0
0.127360575,281.9527493,0
0.127458398,281.8228202,0
0.127556296,281.6927487,0
0.12765427,281.5625346,0
0.127752318,281.4321778,0
0.127850442,281.3016784,0
0.127948641,281.1710361,0
0.128046916,281.0402511,0
0.128145266,280.9093231,0
0.128243692,280.7782522,0
0.128342193,280.6470382,0
0.12844077,280.5156812,0
0.128539423,280.3841809,0
0.128638151,280.2525375,0
0.128736956,280.1207508,0
0.128835836,279.9888207,0
0.128934792,279.8567473,0
0.129033824,279.7245303,0
0.129132932,279.5921699,0
0.129232116,279.4596658,0
0.129331377,279.3270181,0
0.129430714,279.1942266,0
0.129530127,279.0612914,0
0.129629616,278.9282123,0
0.129729182,278.7949893,0
0.129828824,278.6616224,0
0.129928543,278.5281115,0
0.130028338,278.3944564,0
0.13012821,278.2606573,0
0.130228159,278.1267139,0
0.130328185,277.9926262,0
0.130428287,277.8583943,0
0.130528466,277.724018,0
0.130628722,277.5894972,0
0.130729056,277.454832,0
0.130829466,277.3200222,0
0.130929953,277.1850678,0
0.131030518,277.0499687,0
0.13113116,276.914725,0
0.131231879,276.7793364,0
0.131332675,276.6438031,0
0.131433549,276.5081248,0
0.1315345,276.3723016,0
0.131635529,276.2363334,0
0.131736636,276.1002202,0
0.13183782,275.9639619,0
0.131939082,275.8275584,0
0.132040422,275.6910097,0
0.132141839,275.5543157,0
0.132243334,275.4174764,0
0.132344908,275.2804918,0
0.132446559,275.1433617,0
0.132548289,275.0060862,0
0.132650096,274.8686652,0
0.132751982,274.7310985,0
0.132853946,274.5933863,0
0.132955988,274.4555284,0
0.133058109,274.3175247,0
0.133160308,274.1793753,0
0.133262586,274.0410801,0
0.133364942,273.902639,0
0.133467377,273.7640519,0
0.13356989,273.6253189,0
0.133672483,273.4864399,0
0.133775154,273.3474148,0
0.133877904,273.2082436,0
0.133980732,273.0689263,0
0.13408364,272.9294627,0
0.134186627,272.7898529,0
0.134289693,272.6500968,0
0.134392838,272.5101943,0
0.134496062,272.3701455,0
0.134599366,272.2299502,0
0.134702749,272.0896084,0
0.134806211,271.9491201,0
0.134909753,271.8084853,0
0.135013375,271.6677038,0
0.135117076,271.5267757,0
0.135220856,271.3857009,0
0.135324716,271.2444793,0
0.135428657,271.103111,0
0.135532676,270.9615958,0
0.135636776,270.8199338,0
0.135740956,270.6781248,0
0.135845216,270.536169,0
0.135949556,270.3940661,0
0.136053976,270.2518162,0
0.136158476,270.1094193,0
0.136263056,269.9668752,0
0.136367717,269.824184,0
0.136472458,269.6813456,0
0.13657728,269.53836,0
0.136682182,269.3952272,0
0.136787165,269.251947,0
0.136892228,269.1085195,0
0.136997372,268.9649447,0
0.137102597,268.8212224,0
0.137207903,268.6773527,0
0.137313289,268.5333355,0
0.137418757,268.3891709,0
0.137524305,268.2448586,0
0.137629935,268.1003988,0
0.137735646,267.9557914,0
0.137841437,267.8110364,0
0.137947311,267.6661336,0
0.138053265,267.5210832,0
0.138159301,267.375885,0
0.138265418,267.230539,0
0.138371617,267.0850453,0
0.138477897,266.9394037,0
0.138584259,266.7936142,0
0.138690703,266.6476768,0
0.138797228,266.5015915,0
0.138903836,266.3553583,0
0.139010525,266.208977,0
0.139117296,266.0624478,0
0.139224149,265.9157705,0
0.139331084,265.7689451,0
0.139438101,265.6219717,0
0.139545201,265.4748501,0
0.139652383,265.3275804,0
0.139759647,265.1801625,0
0.139866993,265.0325964,0
0.139974422,264.884882,0
0.140081933,264.7370194,0
0.140189527,264.5890086,0
0.140297204,264.4408494,0
0.140404963,264.292542,0
0.140512806,264.1440861,0
0.140620731,263.9954819,0
0.140728738,263.8467294,0
0.140836829,263.6978284,0
0.140945003,263.5487789,0
0.14105326,263.3995811,0
0.1411616,263.2502347,0
0.141270023,263.1007399,0
0.14137853,262.9510965,0
0.14148712,262.8013046,0
0.141595793,262.6513642,0
0.14170455,262.5012752,0
0.14181339,262.3510376,0
0.141922314,262.2006514,0
0.142031322,262.0501166,0
0.142140413,261.8994331,0
0.142249588,261.748601,0
0.142358847,261.5976202,0
0.14246819,261.4464908,0
0.142577617,261.2952126,0
0.142687127,261.1437857,0
0.142796722,260.9922101,0
0.142906402,260.8404858,0
0.143016165,260.6886127,0
0.143126013,260.5365909,0
0.143235945,260.3844203,0
0.143345961,260.2321009,0
0.143456062,260.0796327,0
0.143566248,259.9270157,0
0.143676518,259.7742498,0
0.143786873,259.6213352,0
0.143897313,259.4682717,0
0.144007837,259.3150594,0
0.144118447,259.1616982,0
0.144229141,259.0081882,0
0.144339921,258.8545293,0
0.144450785,258.7007215,0
0.144561735,258.5467648,0
0.14467277,258.3926593,0
0.14478389,258.2384049,0
0.144895095,258.0840015,0
0.145006386,257.9294493,0
0.145117762,257.7747482,0
0.145229224,257.6198982,0
0.145340772,257.4648993,0
0.145452405,257.3097514,0
0.145564124,257.1544547,0
0.145675929,256.9990091,0
0.14578782,256.8434145,0
0.145899796,256.687671,0
0.146011859,256.5317786,0
0.146124007,256.3757373,0
0.146236242,256.2195471,0
0.146348563,256.063208,0
0.14646097,255.90672,0
0.146573464,255.7500831,0
0.146686044,255.5932973,0
0.146798711,255.4363626,0
0.146911464,255.279279,0
0.147024303,255.1220466,0
0.147137229,254.9646652,0
0.147250242,254.807135,0
0.147363342,254.6494559,0
0.147476529,254.491628,0
0.147589803,254.3336512,0
0.147703163,254.1755256,0
0.147816611,254.0172511,0
0.147930146,253.8588278,0
0.148043768,253.7002557,0
0.148157477,253.5415348,0
0.148271274,253.3826651,0
0.148385158,253.2236467,0
0.14849913,253.0644794,0
0.148613189,252.9051635,0
0.148727335,252.7456987,0
0.14884157,252.5860853,0
0.148955892,252.4263231,0
0.149070302,252.2664122,0
0.149184799,252.1063527,0
0.149299385,251.9461444,0
0.149414059,251.7857875,0
0.149528821,251.625282,0
0.149643671,251.4646279,0
0.149758609,251.3038252,0
0.149873635,251.1428739,0
0.14998875,250.981774,0
0.150103953,250.8205256,0
0.150219245,250.6591287,0
0.150334625,250.4975832,0
0.150450094,250.3358893,0
0.150565652,250.1740469,0
0.150681298,250.0120561,0
0.150797033,249.8499169,0
0.150912857,249.6876293,0
0.15102877,249.5251934,0
0.151144772,249.3626091,0
0.151260864,249.1998765,0
0.151377044,249.0369956,0
0.151493313,248.8739664,0
0.151609672,248.710789,0
0.151726121,248.5474635,0
0.151842658,248.3839897,0
0.151959285,248.2203678,0
0.152076002,248.0565978,0
0.152192808,247.8926796,0
0.152309705,247.7286135,0
0.152426691,247.5643993,0
0.152543766,247.4000371,0
0.152660932,247.235527,0
0.152778188,247.0708689,0
0.152895533,246.9060629,0
0.153012969,246.7411091,0
0.153130495,246.5760075,0
0.153248112,246.410758,0
0.153365818,246.2453609,0
0.153483615,246.079816,0
0.153601503,245.9141234,0
0.153719481,245.7482832,0
0.15383755,245.5822954,0
0.153955709,245.41616,0
0.154073959,245.2498771,0
0.1541923,245.0834468,0
0.154310732,244.916869,0
0.154429255,244.7501437,0
0.154547869,244.5832712,0
0.154666574,244.4162513,0
0.15478537,244.2490842,0
0.154904258,244.0817698,0
0.155023236,243.9143083,0
0.155142306,243.7466996,0
0.155261468,243.5789439,0
0.155380721,243.4110411,0
0.155500066,243.2429913,0
0.155619502,243.0747946,0
0.15573903,242.9064509,0
0.15585865,242.7379605,0
0.155978362,242.5693232,0
0.156098166,242.4005392,0
0.156218061,242.2316085,0
0.156338049,242.0625312,0
0.156458129,241.8933072,0
0.156578301,241.7239368,0
0.156698566,241.5544198,0
0.156818923,241.3847565,0
0.156939372,241.2149467,0
0.157059914,241.0449907,0
0.157180548,240.8748884,0
0.157301275,240.7046399,0
0.157422095,240.5342452,0
0.157543008,240.3637045,0
0.157664013,240.1930177,0
0.157785112,240.022185,0
0.157906303,239.8512064,0
0.158027588,239.6800819,0
0.158148966,239.5088116,0
0.158270436,239.3373957,0
0.158392001,239.1658341,0
0.158513658,238.9941268,0
0.158635409,238.8222741,0
0.158757254,238.6502759,0
0.158879192,238.4781323,0
0.159001224,238.3058434,0
0.159123349,238.1334093,0
0.159245569,237.9608299,0
0.159367882,237.7881054,0
0.159490289,237.6152359,0
0.15961279,237.4422214,0
0.159735385,237.2690619,0
0.159858075,237.0957577,0
0.159980858,236.9223087,0
0.160103736,236.7487149,0
0.160226709,236.5749766,0
0.160349775,236.4010937,0
0.160472937,236.2270664,0
0.160596193,236.0528946,0
0.160719543,235.8785786,0
0.160842989,235.7041183,0
0.160966529,235.5295138,0
0.161090164,235.3547653,0
0.161213894,235.1798727,0
0.161337719,235.0048362,0
0.161461639,234.8296559,0
0.161585654,234.6543319,0
0.161709765,234.4788641,0
0.161833971,234.3032528,0
0.161958272,234.1274979,0
0.162082669,233.9515997,0
0.162207161,233.7755581,0
0.162331749,233.5993732,0
0.162456433,233.4230452,0
0.162581212,233.2465741,0
0.162706087,233.06996,0
0.162831058,232.893203,0
0.162956126,232.7163032,0
0.163081289,232.5392607,0
0.163206548,232.3620755,0
0.163331904,232.1847478,0
0.163457355,232.0072777,0
0.163582904,231.8296652,0
0.163708548,231.6519104,0
0.163834289,231.4740135,0
0.163960127,231.2959746,0
0.164086061,231.1177936,0
0.164212092,230.9394708,0
0.16433822,230.7610063,0
0.164464445,230.5824,0
0.164590767,230.4036522,0
0.164717186,230.2247629,0
0.164843701,230.0457322,0
0.164970314,229.8665603,0
0.165097025,229.6872472,0
0.165223832,229.507793,0
0.165350737,229.3281979,0
0.16547774,229.1484619,0
0.16560484,228.9685852,0
0.165732037,228.7885678,0
0.165859333,228.6084099,0
0.165986726,228.4281116,0
0.166114217,228.247673,0
0.166241805,228.0670941,0
0.166369492,227.8863752,0
0.166497277,227.7055163,0
0.16662516,227.5245175,0
0.166753142,227.3433789,0
0.166881221,227.1621007,0
0.167009399,226.980683,0
0.167137676,226.7991258,0
0.167266051,226.6174294,0
0.167394524,226.4355938,0
0.167523096,226.2536191,0
0.167651767,226.0715055,0
0.167780537,225.889253,0
0.167909406,225.7068618,0
0.168038374,225.5243321,0
0.16816744,225.3416639,0
0.168296606,225.1588574,0
0.168425871,224.9759126,0
0.168555236,224.7928298,0
0.1686847,224.609609,0
0.168814263,224.4262503,0
0.168943925,224.242754,0
0.169073688,224.05912,0
0.16920355,223.8753486,0
0.169333511,223.6914399,0
0.169463573,223.507394,0
0.169593734,223.323211,0
0.169723996,223.1388911,0
0.169854357,222.9544343,0
0.169984819,222.769841,0
0.170115381,222.585111,0
0.170246043,222.4002447,0
0.170376805,222.2152422,0
0.170507668,222.0301035,0
0.170638631,221.8448288,0
0.170769695,221.6594183,0
0.17090086,221.473872,0
0.171032125,221.2881902,0
0.171163492,221.102373,0
0.171294959,220.9164205,0
0.171426527,220.7303328,0
0.171558196,220.5441102,0
0.171689966,220.3577527,0
0.171821838,220.1712605,0
0.17195381,219.9846337,0
0.172085885,219.7978725,0
0.17221806,219.6109771,0
0.172350337,219.4239475,0
0.172482716,219.236784,0
0.172615196,219.0494867,0
0.172747778,218.8620557,0
0.172880462,218.6744911,0
0.173013248,218.4867933,0
0.173146136,218.2989622,0
0.173279126,218.1109981,0
0.173412218,217.9229011,0
0.173545412,217.7346713,0
0.173678709,217.546309,0
0.173812108,217.3578143,0
0.173945609,217.1691873,0
0.174079213,216.9804282,0
0.17421292,216.7915372,0
0.174346729,216.6025144,0
0.174480641,216.41336,0
0.174614656,216.2240741,0
0.174748774,216.034657,0
0.174882995,215.8451087,0
0.175017319,215.6554295,0
0.175151746,215.4656195,0
0.175286277,215.2756789,0
0.17542091,215.0856079,0
0.175555647,214.8954066,0
0.175690488,214.7050752,0
0.175825432,214.5146139,0
0.17596048,214.3240228,0
0.176095632,214.1333021,0
0.176230887,213.942452,0
0.176366246,213.7514727,0
0.17650171,213.5603644,0
0.176637277,213.3691272,0
0.176772948,213.1777612,0
0.176908724,212.9862668,0
0.177044604,212.794644,0
0.177180588,212.6028931,0
0.177316677,212.4110142,0
0.17745287,212.2190075,0
0.177589168,212.0268732,0
0.17772557,211.8346115,0
0.177862078,211.6422226,0
0.17799869,211.4497066,0
0.178135407,211.2570638,0
0.178272229,211.0642943,0
0.178409156,210.8713983,0
0.178546188,210.678376,0
0.178683326,210.4852277,0
0.178820569,210.2919534,0
0.178957917,210.0985534,0
0.179095371,209.905028,0
0.179232931,209.7113772,0
0.179370596,209.5176013,0
0.179508366,209.3237004,0
0.179646243,209.1296749,0
0.179784226,208.9355248,0
0.179922314,208.7412504,0
0.180060509,208.5468519,0
0.180198809,208.3523294,0
0.180337216,208.1576833,0
0.18047573,207.9629136,0
0.180614349,207.7680206,0
0.180753075,207.5730046,0
0.180891908,207.3778656,0
0.181030847,207.1826039,0
0.181169893,206.9872198,0
0.181309046,206.7917134,0
0.181448306,206.596085,0
0.181587673,206.4003347,0
0.181727146,206.2044628,0
0.181866727,206.0084695,0
0.182006415,205.812355,0
0.18214621,205.6161195,0
0.182286113,205.4197633,0
0.182426123,205.2232865,0
0.182566241,205.0266894,0
0.182706466,204.8299721,0
0.182846799,204.633135,0
0.18298724,204.4361782,0
0.183127789,204.239102,0
0.183268445,204.0419066,0
0.18340921,203.8445922,0
0.183550083,203.647159,0
0.183691064,203.4496073,0
0.183832153,203.2519373,0
0.183973351,203.0541492,0
0.184114657,202.8562432,0
0.184256071,202.6582196,0
0.184397595,202.4600787,0
0.184539227,202.2618206,0
0.184680967,202.0634456,0
0.184822817,201.8649539,0
0.184964775,201.6663457,0
0.185106843,201.4676214,0
0.18524902,201.2687811,0
0.185391306,201.069825,0
0.185533701,200.8707535,0
0.185676205,200.6715667,0
0.185818819,200.4722649,0
0.185961543,200.2728483,0
0.186104376,200.0733173,0
0.186247319,199.8736719,0
0.186390372,199.6739126,0
0.186533534,199.4740394,0
0.186676807,199.2740527,0
0.186820189,199.0739528,0
0.186963682,198.8737398,0
0.187107285,198.6734141,0
0.187250998,198.4729758,0
0.187394822,198.2724252,0
0.187538756,198.0717627,0
0.1876828,197.8709884,0
0.187826956,197.6701026,0
0.187971222,197.4691055,0
0.188115598,197.2679974,0
0.188260086,197.0667787,0
0.188404685,196.8654495,0
0.188549394,196.66401,0
0.188694215,196.4624607,0
0.188839147,196.2608016,0
0.188984191,196.0590332,0
0.189129345,195.8571556,0
0.189274612,195.6551691,0
0.18941999,195.4530741,0
0.189565479,195.2508707,0
0.18971108,195.0485592,0
0.189856794,194.84614,0
0.190002619,194.6436132,0
0.190148556,194.4409792,0
0.190294605,194.2382382,0
0.190440766,194.0353906,0
0.19058704,193.8324365,0
0.190733426,193.6293762,0
0.190879924,193.4262102,0
0.191026535,193.2229385,0
0.191173258,193.0195615,0
0.191320095,192.8160796,0
0.191467044,192.6124929,0
0.191614105,192.4088017,0
0.19176128,192.2050064,0
0.191908568,192.0011073,0
0.192055969,191.7971045,0
0.192203483,191.5929984,0
0.192351111,191.3887894,0
0.192498851,191.1844776,0
0.192646706,190.9800634,0
0.192794674,190.7755471,0
0.192942755,190.570929,0
0.193090951,190.3662093,0
0.19323926,190.1613883,0
0.193387683,189.9564665,0
0.19353622,189.7514439,0
0.193684871,189.5463211,0
0.193833636,189.3410982,0
0.193982516,189.1357755,0
0.19413151,188.9303535,0
0.194280618,188.7248322,0
0.194429841,188.5192122,0
0.194579178,188.3134936,0
0.194728631,188.1076769,0
0.194878198,187.9017622,0
0.19502788,187.6957499,0
0.195177676,187.4896404,0
0.195327588,187.2834338,0
0.195477615,187.0771307,0
0.195627758,186.8707311,0
0.195778015,186.6642356,0
0.195928388,186.4576443,0
0.196078877,186.2509577,0
0.196229481,186.0441759,0
0.196380201,185.8372995,0
0.196531036,185.6303285,0
0.196681987,185.4232635,0
0.196833055,185.2161047,0
0.196984238,185.0088524,0
0.197135538,184.801507,0
0.197286953,184.5940688,0
0.197438485,184.3865381,0
0.197590134,184.1789152,0
0.197741899,183.9712005,0
0.19789378,183.7633943,0
0.198045778,183.555497,0
0.198197893,183.3475088,0
0.198350125,183.1394301,0
0.198502473,182.9312613,0
0.198654939,182.7230027,0
0.198807521,182.5146546,0
0.198960221,182.3062173,0
0.199113039,182.0976912,0
0.199265973,181.8890767,0
0.199419025,181.6803741,0
0.199572195,181.4715836,0
0.199725482,181.2627058,0
0.199878887,181.0537409,0
0.20003241,180.8446892,0
0.20018605,180.6355511,0
0.200339809,180.426327,0
0.200493686,180.2170172,0
0.200647681,180.0076221,0
0.200801794,179.798142,0
0.200956026,179.5885772,0
0.201110376,179.3789282,0
0.201264845,179.1691952,0
0.201419432,178.9593787,0
0.201574138,178.749479,0
0.201728963,178.5394965,0
0.201883907,178.3294314,0
0.20203897,178.1192843,0
0.202194152,177.9090553,0
0.202349453,177.698745,0
0.202504873,177.4883537,0
0.202660413,177.2778816,0
0.202816072,177.0673293,0
0.202971851,176.8566971,0
0.203127749,176.6459853,0
0.203283767,176.4351943,0
0.203439905,176.2243245,0
0.203596163,176.0133763,0
0.203752541,175.80235,0
0.203909039,175.591246,0
0.204065658,175.3800647,0
0.204222396,175.1688065,0
0.204379255,174.9574717,0
0.204536235,174.7460607,0
0.204693335,174.534574,0
0.204850555,174.3230118,0
0.205007897,174.1113746,0
0.205165359,173.8996627,0
0.205322942,173.6878766,0
0.205480647,173.4760167,0
0.205638472,173.2640832,0
0.205796419,173.0520767,0
0.205954487,172.8399974,0
0.206112676,172.6278459,0
0.206270987,172.4156224,0
0.206429419,172.2033274,0
0.206587973,171.9909613,0
0.206746649,171.7785245,0
0.206905447,171.5660173,0
0.207064367,171.3534402,0
0.207223409,171.1407935,0
0.207382572,170.9280778,0
0.207541859,170.7152933,0
0.207701267,170.5024404,0
0.207860798,170.2895197,0
0.208020452,170.0765314,0
0.208180228,169.863476,0
0.208340127,169.6503539,0
0.208500149,169.4371656,0
0.208660293,169.2239113,0
0.208820561,169.0105916,0
0.208980952,168.7972068,0
0.209141465,168.5837574,0
0.209302103,168.3702438,0
0.209462863,168.1566663,0
0.209623747,167.9430255,0
0.209784755,167.7293217,0
0.209945886,167.5155553,0
0.210107141,167.3017268,0
0.21026852,167.0878366,0
0.210430023,166.8738851,0
0.21059165,166.6598727,0
0.210753401,166.4457999,0
0.210915276,166.2316671,0
0.211077276,166.0174747,0
0.2112394,165.8032231,0
0.211401648,165.5889129,0
0.211564022,165.3745443,0
0.21172652,165.1601179,0
0.211889142,164.945634,0
0.21205189,164.7310932,0
0.212214763,164.5164958,0
0.21237776,164.3018423,0
0.212540883,164.0871331,0
0.212704131,163.8723687,0
0.212867505,163.6575494,0
0.213031004,163.4426759,0
0.213194629,163.2277484,0
0.213358379,163.0127674,0
0.213522255,162.7977334,0
0.213686257,162.5826469,0
0.213850385,162.3675082,0
0.214014639,162.1523178,0
0.214179019,161.9370762,0
0.214343526,161.7217838,0
0.214508159,161.5064411,0
0.214672918,161.2910486,0
0.214837804,161.0756066,0
0.215002816,160.8601156,0
0.215167955,160.6445762,0
0.215333221,160.4289887,0
0.215498614,160.2133536,0
0.215664134,159.9976714,0
0.215829781,159.7819425,0
0.215995556,159.5661674,0
0.216161457,159.3503466,0
0.216327486,159.1344805,0
0.216493643,158.9185697,0
0.216659927,158.7026144,0
0.216826339,158.4866154,0
0.216992879,158.2705729,0
0.217159547,158.0544875,0
0.217326342,157.8383596,0
0.217493266,157.6221897,0
0.217660318,157.4059784,0
0.217827499,157.189726,0
0.217994807,156.973433,0
0.218162245,156.7571,0
0.21832981,156.5407274,0
0.218497505,156.3243157,0
0.218665328,156.1078653,0
0.218833281,155.8913768,0
0.219001362,155.6748506,0
0.219169572,155.4582872,0
0.219337912,155.2416871,0
0.219506381,155.0250509,0
0.219674979,154.8083789,0
0.219843707,154.5916716,0
0.220012564,154.3749296,0
0.220181551,154.1581534,0
0.220350668,153.9413434,0
0.220519915,153.7245002,0
0.220689292,153.5076241,0
0.220858798,153.2907159,0
0.221028435,153.0737758,0
0.221198203,152.8568044,0
0.2213681,152.6398023,0
0.221538129,152.4227699,0
0.221708287,152.2057078,0
0.221878577,151.9886163,0
0.222048997,151.7714961,0
0.222219548,151.5543477,0
0.222390231,151.3371715,0
0.222561044,151.119968,0
0.222731988,150.9027378,0
0.222903064,150.6854814,0
0.223074271,150.4681993,0
0.22324561,150.250892,0
0.22341708,150.0335599,0
0.223588682,149.8162038,0
0.223760416,149.5988239,0
0.223932282,149.3814209,0
0.22410428,149.1639953,0
0.224276409,148.9465476,0
0.224448671,148.7290783,0
0.224621066,148.5115879,0
0.224793593,148.294077,0
0.224966252,148.076546,0
0.225139044,147.8589956,0
0.225311968,147.6414262,0
0.225485026,147.4238384,0
0.225658216,147.2062327,0
0.225831539,146.9886096,0
0.226004996,146.7709696,0
0.226178586,146.5533133,0
0.226352309,146.3356412,0
0.226526165,146.1179539,0
0.226700155,145.9002518,0
0.226874279,145.6825356,0
0.227048536,145.4648057,0
0.227222927,145.2470627,0
0.227397453,145.0293071,0
0.227572112,144.8115395,0
0.227746905,144.5937604,0
0.227921833,144.3759704,0
0.228096895,144.1581699,0
0.228272091,143.9403596,0
0.228447422,143.72254,0
0.228622888,143.5047117,0
0.228798488,143.2868751,0
0.228974224,143.0690308,0
0.229150094,142.8511794,0
0.2293261,142.6333215,0
0.22950224,142.4154575,0
0.229678516,142.1975881,0
0.229854927,141.9797137,0
0.230031474,141.761835,0
0.230208156,141.5439526,0
0.230384975,141.3260668,0
0.230561928,141.1081784,0
0.230739018,140.8902879,0
0.230916244,140.6723958,0
0.231093606,140.4545027,0
0.231271104,140.2366092,0
0.231448739,140.0187158,0
0.23162651,139.8008231,0
0.231804417,139.5829317,0
0.231982461,139.365042,0
0.232160642,139.1471548,0
0.23233896,138.9292706,0
0.232517415,138.7113898,0
0.232696006,138.4935132,0
0.232874735,138.2756413,0
0.233053601,138.0577746,0
0.233232605,137.8399137,0
0.233411746,137.6220593,0
0.233591025,137.4042118,0
0.233770441,137.1863718,0
0.233949995,136.96854,0
0.234129688,136.750717,0
0.234309518,136.5329032,0
0.234489486,136.3150993,0
0.234669592,136.0973058,0
0.234849837,135.8795234,0
0.23503022,135.6617526,0
0.235210742,135.443994,0
0.235391403,135.2262482,0
0.235572202,135.0085158,0
0.23575314,134.7907974,0
0.235934217,134.5730936,0
0.236115433,134.3554049,0
0.236296789,134.1377319,0
0.236478283,133.9200753,0
0.236659917,133.7024356,0
0.236841691,133.4848135,0
0.237023604,133.2672095,0
0.237205657,133.0496242,0
0.237387849,132.8320582,0
0.237570182,132.6145121,0
0.237752655,132.3969866,0
0.237935268,132.1794821,0
0.238118021,131.9619994,0
0.238300914,131.744539,0
0.238483948,131.5271016,0
0.238667123,131.3096876,0
0.238850438,131.0922978,0
0.239033894,130.8749328,0
0.239217491,130.657593,0
0.239401229,130.4402793,0
0.239585108,130.2229921,0
0.239769128,130.0057321,0
0.23995329,129.7884999,0
0.240137593,129.571296,0
0.240322038,129.3541212,0
0.240506624,129.1369761,0
0.240691352,128.9198611,0
0.240876222,128.702777,0
0.241061234,128.4857244,0
0.241246388,128.2687039,0
0.241431685,128.0517161,0
0.241617123,127.8347616,0
0.241802704,127.6178411,0
0.241988428,127.4009551,0
0.242174294,127.1841044,0
0.242360303,126.9672894,0
0.242546455,126.7505109,0
0.24273275,126.5337695,0
0.242919188,126.3170658,0
0.243105769,126.1004003,0
0.243292494,125.8837739,0
0.243479361,125.667187,0
0.243666373,125.4506403,0
0.243853528,125.2341344,0
0.244040827,125.01767,0
0.244228269,124.8012477,0
0.244415856,124.5848682,0
0.244603587,124.368532,0
0.244791462,124.1522398,0
0.244979481,123.9359922,0
0.245167644,123.7197899,0
0.245355953,123.5036335,0
0.245544405,123.2875237,0
0.245733003,123.0714611,0
0.245921745,122.8554462,0
0.246110633,122.6394799,0
0.246299665,122.4235626,0
0.246488843,122.2076951,0
0.246678166,121.991878,0
0.246867634,121.776112,0
0.247057248,121.5603976,0
0.247247007,121.3447355,0
0.247436913,121.1291264,0
0.247626964,120.9135709,0
0.247817161,120.6980697,0
0.248007504,120.4826235,0
0.248197993,120.2672327,0
0.248388629,120.0518982,0
0.248579411,119.8366206,0
0.24877034,119.6214005,0
0.248961415,119.4062385,0
0.249152637,119.1911354,0
0.249344006,118.9760918,0
0.249535522,118.7611083,0
0.249727185,118.5461856,0
0.249918995,118.3313243,0
0.250110953,118.1165251,0
0.250303058,117.9017887,0
0.25049531,117.6871157,0
0.250687711,117.4725068,0
0.250880259,117.2579627,0
0.251072955,117.0434839,0
0.251265798,116.8290712,0
0.25145879,116.6147252,0
0.251651931,116.4004467,0
0.251845219,116.1862361,0
0.252038656,115.9720943,0
0.252232242,115.7580219,0
0.252425976,115.5440195,0
0.252619859,115.3300878,0
0.252813891,115.1162275,0
0.253008073,114.9024392,0
0.253202403,114.6887237,0
0.253396882,114.4750816,0
0.253591511,114.2615135,0
0.253786289,114.0480201,0
0.253981217,113.8346022,0
0.254176295,113.6212603,0
0.254371523,113.4079951,0
0.2545669,113.1948074,0
0.254762428,112.9816977,0
0.254958105,112.7686669,0
0.255153933,112.5557154,0
0.255349912,112.3428441,0
0.255546041,112.1300536,0
0.25574232,111.9173445,0
0.25593875,111.7047176,0
0.256135332,111.4921735,0
0.256332064,111.2797129,0
0.256528947,111.0673365,0
0.256725982,110.855045,0
0.256923168,110.642839,0
0.257120505,110.4307192,0
0.257317994,110.2186863,0
0.257515634,110.006741,0
0.257713427,109.794884,0
0.257911371,109.583116,0
0.258109467,109.3714376,0
0.258307716,109.1598495,0
0.258506117,108.9483524,0
0.25870467,108.736947,0
0.258903375,108.525634,0
0.259102234,108.3144141,0
0.259301245,108.1032879,0
0.259500409,107.8922562,0
0.259699725,107.6813196,0
0.259899195,107.4704788,0
0.260098819,107.2597345,0
0.260298595,107.0490874,0
0.260498525,106.8385382,0
0.260698608,106.6280876,0
0.260898846,106.4177363,0
0.261099236,106.2074849,0
0.261299781,105.9973342,0
0.26150048,105.7872848,0
0.261701333,105.5773375,0
0.261902341,105.3674929,0
0.262103502,105.1577517,0
0.262304819,104.9481146,0
0.262506289,104.7385824,0
0.262707915,104.5291557,0
0.262909696,104.3198352,0
0.263111631,104.1106215,0
0.263313722,103.9015155,0
0.263515967,103.6925178,0
0.263718368,103.4836291,0
0.263920925,103.2748501,0
0.264123637,103.0661814,0
0.264326505,102.8576239,0
0.264529529,102.6491781,0
0.264732708,102.4408449,0
0.264936044,102.2326248,0
0.265139536,102.0245186,0
0.265343184,101.816527,0
0.265546988,101.6086507,0
0.26575095,101.4008903,0
0.265955067,101.1932467,0
0.266159342,100.9857204,0
0.266363773,100.7783122,0
0.266568362,100.5710229,0
0.266773107,100.363853,0
0.26697801,100.1568033,0
0.26718307,99.94987457,0
0.267388288,99.74306741,0
0.267593663,99.53638256,0
0.267799197,99.32982072,0
0.268004888,99.1233826,0
0.268210737,98.91706891,0
0.268416744,98.71088034,0
0.268622909,98.5048176,0
0.268829233,98.29888141,0
0.269035715,98.09307245,0
0.269242355,97.88739144,0
0.269449155,97.68183909,0
0.269656113,97.4764161,0
0.26986323,97.27112317,0
0.270070507,97.06596102,0
0.270277942,96.86093034,0
0.270485537,96.65603185,0
0.270693291,96.45126626,0
0.270901205,96.24663426,0
0.271109279,96.04213658,0
0.271317512,95.83777391,0
0.271525905,95.63354696,0
0.271734459,95.42945644,0
0.271943172,95.22550305,0
0.272152046,95.02168752,0
0.27236108,94.81801054,0
0.272570275,94.61447282,0
0.272779631,94.41107507,0
0.272989147,94.207818,0
0.273198824,94.00470232,0
0.273408663,93.80172873,0
0.273618662,93.59889795,0
0.273828823,93.39621068,0
0.274039145,93.19366763,0
0.274249629,92.99126952,0
0.274460274,92.78901704,0
0.274671082,92.58691091,0
0.274882051,92.38495184,0
0.275093182,92.18314054,0
0.275304475,91.98147771,0
0.275515931,91.77996407,0
0.275727549,91.57860032,0
0.275939329,91.37738717,0
0.276151273,91.17632533,0
0.276363379,90.97541551,0
0.276575648,90.77465843,0
0.27678808,90.57405477,0
0.277000675,90.37360527,0
0.277213433,90.17331062,0
0.277426355,89.97317153,0
0.27763944,89.77318872,0
0.277852689,89.57336289,0
0.278066102,89.37369474,0
0.278279679,89.174185,0
0.27849342,88.97483436,0
0.278707325,88.77564353,0
0.278921394,88.57661323,0
0.279135628,88.37774415,0
0.279350026,88.17903701,0
0.279564589,87.98049252,0
0.279779317,87.78211138,0
0.279994209,87.5838943,0
0.280209267,87.38584199,0
0.28042449,87.18795514,0
0.280639878,86.99023448,0
0.280855432,86.79268071,0
0.281071151,86.59529453,0
0.281287036,86.39807665,0
0.281503087,86.20102777,0
0.281719303,86.00414861,0
0.281935686,85.80743986,0
0.282152235,85.61090223,0
0.28236895,85.41453643,0
0.282585832,85.21834316,0
0.28280288,85.02232313,0
0.283020095,84.82647703,0
0.283237477,84.63080558,0
0.283455026,84.43530947,0
0.283672742,84.23998942,0
0.283890625,84.04484612,0
0.284108675,83.84988027,0
0.284326893,83.65509259,0
0.284545279,83.46048376,0
0.284763832,83.2660545,0
0.284982553,83.07180549,0
0.285201442,82.87773745,0
0.285420499,82.68385108,0
0.285639725,82.49014707,0
0.285859119,82.29662612,0
0.286078681,82.10328894,0
0.286298412,81.91013622,0
0.286518312,81.71716866,0
0.286738381,81.52438696,0
0.286958619,81.33179182,0
0.287179026,81.13938393,0
0.287399602,80.94716399,0
0.287620347,80.7551327,0
0.287841263,80.56329075,0
0.288062347,80.37163884,0
0.288283602,80.18017767,0
0.288505027,79.98890792,0
0.288726621,79.79783029,0
0.288948386,79.60694547,0
0.289170322,79.41625416,0
0.289392427,79.22575706,0
0.289614704,79.03545484,0
0.289837151,78.84534821,0
0.290059768,78.65543785,0
0.290282557,78.46572445,0
0.290505517,78.2762087,0
0.290728648,78.0868913,0
0.290951951,77.89777292,0
0.291175425,77.70885427,0
0.291399071,77.52013602,0
0.291622888,77.33161885,0
0.291846878,77.14330347,0
0.292071039,76.95519055,0
0.292295373,76.76728077,0
0.292519879,76.57957482,0
0.292744557,76.39207339,0
0.292969408,76.20477715,0
0.293194432,76.01768678,0
0.293419629,75.83080298,0
0.293644998,75.64412642,0
0.293870541,75.45765777,0
0.294096257,75.27139772,0
0.294322146,75.08534694,0
0.294548208,74.89950612,0
0.294774445,74.71387592,0
0.295000855,74.52845704,0
0.295227439,74.34325013,0
0.295454197,74.15825587,0
0.295681129,73.97347494,0
0.295908236,73.78890801,0
0.296135516,73.60455576,0
0.296362972,73.42041885,0
0.296590602,73.23649795,0
0.296818407,73.05279373,0
0.297046387,72.86930686,0
0.297274542,72.68603801,0
0.297502873,72.50298785,0
0.297731378,72.32015704,0
0.29796006,72.13754624,0
0.298188917,71.95515612,0
0.298417949,71.77298734,0
0.298647158,71.59104057,0
0.298876543,71.40931647,0
0.299106103,71.22781569,0
0.299335841,71.04653889,0
0.299565754,70.86548674,0
0.299795844,70.68465989,0
0.300026111,70.504059,0
0.300256555,70.32368472,0
0.300487176,70.1435377,0
0.300717974,69.9636186,0
0.300948949,69.78392808,0
0.301180102,69.60446678,0
0.301411432,69.42523535,0
0.30164294,69.24623445,0
0.301874625,69.06746471,0
0.302106489,68.8889268,0
0.30233853,68.71062134,0
0.30257075,68.53254899,0
0.302803149,68.3547104,0
0.303035725,68.1771062,0
0.303268481,67.99973703,0
0.303501415,67.82260353,0
0.303734528,67.64570635,0
0.30396782,67.46904613,0
0.304201292,67.29262349,0
0.304434942,67.11643907,0
0.304668772,66.94049351,0
0.304902782,66.76478744,0
0.305136972,66.5893215,0
0.305371341,66.41409631,0
0.30560589,66.2391125,0
0.30584062,66.0643707,0
0.30607553,65.88987154,0
0.30631062,65.71561564,0
0.306545891,65.54160363,0
0.306781342,65.36783613,0
0.307016974,65.19431376,0
0.307252788,65.02103714,0
0.307488782,64.84800689,0
0.307724958,64.67522363,0
0.307961315,64.50268798,0
0.308197854,64.33040055,0
0.308434574,64.15836194,0
0.308671476,63.98657279,0
0.30890856,63.81503369,0
0.309145826,63.64374526,0
0.309383275,63.4727081,0
0.309620906,63.30192282,0
0.309858719,63.13139002,0
0.310096715,62.96111031,0
0.310334894,62.7910843,0
0.310573256,62.62131257,0
0.3108118,62.45179574,0
0.311050529,62.28253439,0
0.31128944,62.11352913,0
0.311528535,61.94478055,0
0.311767813,61.77628924,0
0.312007276,61.60805579,0
0.312246922,61.4400808,0
0.312486752,61.27236485,0
0.312726767,61.10490853,0
0.312966966,60.93771243,0
0.313207349,60.77077712,0
0.313447917,60.6041032,0
0.31368867,60.43769123,0
0.313929608,60.27154181,0
0.314170731,60.1056555,0
0.314412039,59.94003289,0
0.314653532,59.77467455,0
0.314895211,59.60958104,0
0.315137075,59.44475295,0
0.315379125,59.28019083,0
0.315621361,59.11589526,0
0.315863784,58.9518668,0
0.316106392,58.78810602,0
0.316349187,58.62461348,0
0.316592168,58.46138973,0
0.316835336,58.29843535,0
0.31707869,58.13575087,0
0.317322232,57.97333686,0
0.31756596,57.81119388,0
0.317809876,57.64932247,0
0.318053979,57.48772318,0
0.31829827,57.32639656,0
0.318542748,57.16534316,0
0.318787414,57.00456352,0
0.319032268,56.84405818,0
0.31927731,56.68382769,0
0.31952254,56.52387257,0
0.319767959,56.36419338,0
0.320013566,56.20479064,0
0.320259362,56.04566488,0
0.320505346,55.88681664,0
0.32075152,55.72824645,0
0.320997882,55.56995482,0
0.321244434,55.4119423,0
0.321491175,55.2542094,0
0.321738106,55.09675663,0
0.321985226,54.93958453,0
0.322232536,54.78269361,0
0.322480036,54.62608438,0
0.322727727,54.46975735,0
0.322975607,54.31371304,0
0.323223678,54.15795196,0
0.323471939,54.00247461,0
0.323720391,53.84728149,0
0.323969034,53.69237312,0
0.324217868,53.53774998,0
0.324466893,53.38341259,0
0.324716109,53.22936143,0
0.324965517,53.075597,0
0.325215116,52.92211979,0
0.325464907,52.76893029,0
0.32571489,52.61602899,0
0.325965065,52.46341638,0
0.326215432,52.31109294,0
0.326465991,52.15905914,0
0.326716743,52.00731547,0
0.326967687,51.85586241,0
0.327218824,51.70470043,0
0.327470154,51.55383,0
0.327721677,51.4032516,0
0.327973393,51.25296568,0
0.328225303,51.10297272,0
0.328477406,50.95327318,0
0.328729702,50.80386752,0
0.328982193,50.6547562,0
0.329234877,50.50593967,0
0.329487755,50.35741839,0
0.329740828,50.20919281,0
0.329994095,50.06126338,0
0.330247557,49.91363055,0
0.330501213,49.76629476,0
0.330755064,49.61925646,0
0.33100911,49.47251607,0
0.331263351,49.32607405,0
0.331517788,49.17993082,0
0.33177242,49.03408683,0
0.332027247,48.88854249,0
0.33228227,48.74329823,0
0.332537489,48.59835449,0
0.332792904,48.45371168,0
0.333048516,48.30937023,0
0.333304323,48.16533054,0
0.333560327,48.02159305,0
0.333816528,47.87815815,0
0.334072926,47.73502626,0
0.33432952,47.59219779,0
0.334586312,47.44967315,0
0.3348433,47.30745272,0
0.335100487,47.16553693,0
0.33535787,47.02392615,0
0.335615452,46.88262079,0
0.335873231,46.74162124,0
0.336131208,46.60092789,0
0.336389383,46.46054112,0
0.336647757,46.32046133,0
0.336906329,46.18068888,0
0.3371651,46.04122416,0
0.337424069,45.90206755,0
0.337683238,45.76321942,0
0.337942605,45.62468015,0
0.338202172,45.48645009,0
0.338461938,45.34852961,0
0.338721903,45.21091908,0
0.338982069,45.07361886,0
0.339242434,44.9366293,0
0.339502999,44.79995076,0
0.339763764,44.66358359,0
0.340024729,44.52752814,0
0.340285895,44.39178476,0
0.340547262,44.25635378,0
0.340808829,44.12123556,0
0.341070597,43.98643042,0
0.341332566,43.8519387,0
0.341594737,43.71776074,0
0.341857108,43.58389686,0
0.342119682,43.45034738,0
0.342382457,43.31711264,0
0.342645434,43.18419296,0
0.342908612,43.05158864,0
0.343171993,42.91930001,0
0.343435577,42.78732738,0
0.343699362,42.65567106,0
0.343963351,42.52433134,0
0.344227542,42.39330855,0
0.344491936,42.26260296,0
0.344756533,42.13221489,0
0.345021333,42.00214463,0
0.345286337,41.87239246,0
0.345551544,41.74295868,0
0.345816955,41.61384357,0
0.34608257,41.48504741,0
0.346348388,41.35657048,0
0.346614411,41.22841306,0
0.346880639,41.10057543,0
0.34714707,40.97305784,0
0.347413707,40.84586057,0
0.347680548,40.71898388,0
0.347947594,40.59242803,0
0.348214845,40.46619328,0
0.348482302,40.34027989,0
0.348749964,40.2146881,0
0.349017832,40.08941816,0
0.349285905,39.96447032,0
0.349554184,39.83984482,0
0.349822669,39.7155419,0
0.350091361,39.59156179,0
0.350360259,39.46790473,0
0.350629363,39.34457095,0
0.350898674,39.22156067,0
0.351168192,39.09887411,0
0.351437917,38.9765115,0
0.351707849,38.85447304,0
0.351977989,38.73275897,0
0.352248336,38.61136947,0
0.35251889,38.49030476,0
0.352789653,38.36956505,0
0.353060623,38.24915053,0
0.353331801,38.1290614,0
0.353603188,38.00929785,0
0.353874783,37.88986008,0
0.354146587,37.77074827,0
0.3544186,37.6519626,0
0.354690821,37.53350325,0
0.354963252,37.41537041,0
0.355235892,37.29756424,0
0.355508741,37.18008492,0
0.3557818,37.06293261,0
0.356055068,36.94610747,0
0.356328547,36.82960966,0
0.356602235,36.71343935,0
0.356876134,36.59759669,0
0.357150243,36.48208181,0
0.357424563,36.36689488,0
0.357699093,36.25203603,0
0.357973834,36.13750541,0
0.358248787,36.02330315,0
0.35852395,35.90942937,0
0.358799325,35.79588422,0
0.359074911,35.68266782,0
0.359350709,35.56978028,0
0.359626719,35.45722173,0
0.359902941,35.34499229,0
0.360179375,35.23309206,0
0.360456021,35.12152115,0
0.36073288,35.01027967,0
0.361009951,34.89936772,0
0.361287235,34.7887854,0
0.361564732,34.67853279,0
0.361842443,34.56861,0
0.362120366,34.4590171,0
0.362398503,34.34975419,0
0.362676854,34.24082134,0
0.362955419,34.13221862,0
0.363234197,34.02394611,0
0.36351319,33.91600389,0
0.363792397,33.808392,0
0.364071818,33.70111053,0
0.364351454,33.59415951,0
0.364631305,33.48753902,0
0.36491137,33.3812491,0
0.365191651,33.27528979,0
0.365472147,33.16966114,0
0.365752859,33.06436319,0
0.366033786,32.95939598,0
0.366314929,32.85475954,0
0.366596288,32.75045389,0
0.366877863,32.64647907,0
0.367159654,32.5428351,0
0.367441661,32.43952198,0
0.367723886,32.33653975,0
0.368006327,32.2338884,0
0.368288985,32.13156794,0
0.36857186,32.02957838,0
0.368854952,31.92791971,0
0.369138262,31.82659194,0
0.369421789,31.72559505,0
0.369705534,31.62492903,0
0.369989498,31.52459386,0
0.370273679,31.42458953,0
0.370558078,31.32491601,0
0.370842696,31.22557327,0
0.371127533,31.12656129,0
0.371412588,31.02788002,0
0.371697862,30.92952944,0
0.371983356,30.83150949,0
0.372269068,30.73382014,0
0.372555,30.63646132,0
0.372841152,30.53943299,0
0.373127524,30.4427351,0
0.373414115,30.34636757,0
0.373700927,30.25033034,0
0.373987959,30.15462335,0
0.374275211,30.05924651,0
0.374562684,29.96419976,0
0.374850378,29.86948301,0
0.375138292,29.77509618,0
0.375426428,29.68103918,0
0.375714785,29.58731192,0
0.376003364,29.49391429,0
0.376292164,29.40084621,0
0.376581187,29.30810756,0
0.376870431,29.21569824,0
0.377159897,29.12361814,0
0.377449586,29.03186713,0
0.377739497,28.94044511,0
0.378029631,28.84935194,0
0.378319987,28.7585875,0
0.378610567,28.66815166,0
0.37890137,28.57804427,0
0.379192396,28.48826522,0
0.379483646,28.39881434,0
0.379775119,28.30969149,0
0.380066817,28.22089652,0
0.380358738,28.13242927,0
0.380650884,28.04428959,0
0.380943254,27.95647732,0
0.381235848,27.86899228,0
0.381528667,27.7818343,0
0.381821712,27.69500321,0
0.382114981,27.60849883,0
0.382408475,27.52232098,0
0.382702195,27.43646946,0
0.382996141,27.3509441,0
0.383290312,27.26574469,0
0.38358471,27.18087103,0
0.383879333,27.09632293,0
0.384174183,27.01210016,0
0.384469259,26.92820253,0
0.384764562,26.84462982,0
0.385060091,26.76138181,0
0.385355848,26.67845827,0
0.385651832,26.59585898,0
0.385948043,26.51358371,0
0.386244481,26.43163222,0
0.386541148,26.35000428,0
0.386838042,26.26869963,0
0.387135164,26.18771803,0
0.387432515,26.10705924,0
0.387730093,26.02672299,0
0.388027901,25.94670903,0
0.388325937,25.86701709,0
0.388624202,25.7876469,0
0.388922696,25.7085982,0
0.38922142,25.62987071,0
0.389520372,25.55146414,0
0.389819555,25.47337822,0
0.390118967,25.39561266,0
0.390418609,25.31816716,0
0.390718482,25.24104143,0
0.391018584,25.16423517,0
0.391318918,25.08774808,0
0.391619482,25.01157984,0
0.391920276,24.93573015,0
0.392221302,24.86019868,0
0.392522559,24.78498513,0
0.392824047,24.71008916,0
0.393125767,24.63551045,0
0.393427719,24.56124866,0
0.393729903,24.48730346,0
0.394032318,24.4136745,0
0.394334966,24.34036145,0
0.394637847,24.26736395,0
0.39494096,24.19468166,0
0.395244306,24.1223142,0
0.395547885,24.05026124,0
0.395851697,23.97852239,0
0.396155742,23.90709728,0
0.396460021,23.83598556,0
0.396764534,23.76518684,0
0.39706928,23.69470073,0
0.397374261,23.62452686,0
0.397679476,23.55466483,0
0.397984925,23.48511425,0
0.398290609,23.41587472,0
0.398596528,23.34694585,0
0.398902681,23.27832722,0
0.39920907,23.21001843,0
0.399515694,23.14201907,0
0.399822554,23.0743287,0
0.400129649,23.00694693,0
0.400436981,22.93987331,0
0.400744548,22.87310742,0
0.401052351,22.80664882,0
0.401360391,22.74049708,0
0.401668668,22.67465175,0
0.401977181,22.6091124,0
0.402285931,22.54387856,0
0.402594919,22.47894978,0
0.402904144,22.41432562,0
0.403213606,22.35000559,0
0.403523306,22.28598925,0
0.403833244,22.22227611,0
0.40414342,22.15886571,0
0.404453834,22.09575756,0
0.404764486,22.03295119,0
0.405075377,21.9704461,0
0.405386507,21.90824181,0
0.405697876,21.84633783,0
0.406009484,21.78473364,0
0.406321332,21.72342877,0
0.406633419,21.66242268,0
0.406945745,21.60171489,0
0.407258312,21.54130486,0
0.407571118,21.48119209,0
0.407884165,21.42137605,0
0.408197453,21.36185621,0
0.408510981,21.30263205,0
0.408824749,21.24370303,0
0.409138759,21.18506862,0
0.40945301,21.12672826,0
0.409767502,21.06868142,0
0.410082236,21.01092755,0
0.410397212,20.95346608,0
0.410712429,20.89629647,0
0.411027889,20.83941816,0
0.411343591,20.78283056,0
0.411659535,20.72653313,0
0.411975722,20.67052528,0
0.412292152,20.61480643,0
0.412608825,20.55937601,0
0.412925741,20.50423343,0
0.413242901,20.44937809,0
0.413560304,20.39480942,0
0.413877951,20.3405268,0
0.414195842,20.28652965,0
0.414513978,20.23281735,0
0.414832357,20.17938929,0
0.415150981,20.12624488,0
0.41546985,20.07338348,0
0.415788964,20.02080447,0
0.416108323,19.96850724,0
0.416427927,19.91649116,0
0.416747776,19.8647556,0
0.417067871,19.81329991,0
0.417388213,19.76212347,0
0.4177088,19.71122562,0
0.418029633,19.66060572,0
0.418350713,19.61026313,0
0.418672039,19.56019718,0
0.418993613,19.51040722,0
0.419315433,19.46089259,0
0.4196375,19.41165262,0
0.419959815,19.36268664,0
0.420282378,19.31399398,0
0.420605188,19.26557396,0
0.420928246,19.21742591,0
0.421251552,19.16954913,0
0.421575106,19.12194294,0
0.421898909,19.07460665,0
0.422222961,19.02753957,0
0.422547262,18.98074099,0
0.422871812,18.93421021,0
0.423196611,18.88794653,0
0.423521659,18.84194923,0
0.423846957,18.79621761,0
0.424172505,18.75075094,0
0.424498303,18.70554851,0
0.424824352,18.66060958,0
0.42515065,18.61593344,0
0.4254772,18.57151936,0
0.425804,18.52736658,0
0.426131051,18.48347439,0
0.426458353,18.43984203,0
0.426785907,18.39646876,0
0.427113712,18.35335383,0
0.427441769,18.31049649,0
0.427770079,18.26789598,0
0.42809864,18.22555154,0
0.428427453,18.18346241,0
0.42875652,18.14162783,0
0.429085839,18.10004701,0
0.42941541,18.0587192,0
0.429745235,18.0176436,0
0.430075314,17.97681945,0
0.430405646,17.93624595,0
0.430736231,17.89592232,0
0.431067071,17.85584778,0
0.431398164,17.81602151,0
0.431729512,17.77644274,0
0.432061115,17.73711065,0
0.432392972,17.69802445,0
0.432725084,17.65918332,0
0.433057451,17.62058645,0
0.433390073,17.58223304,0
0.433722951,17.54412226,0
0.434056085,17.50625329,0
0.434389474,17.46862531,0
0.43472312,17.4312375,0
0.435057021,17.39408901,0
0.43539118,17.35717903,0
0.435725594,17.32050671,0
0.436060266,17.2840712,0
0.436395195,17.24787168,0
0.436730381,17.21190729,0
0.437065824,17.17617718,0
0.437401526,17.14068051,0
0.437737485,17.10541641,0
0.438073702,17.07038402,0
0.438410177,17.03558249,0
0.438746911,17.00101095,0
0.439083903,16.96666853,0
0.439421154,16.93255437,0
0.439758664,16.89866758,0
0.440096434,16.86500729,0
0.440434463,16.83157262,0
0.440772751,16.79836268,0
0.441111299,16.7653766,0
0.441450108,16.73261348,0
0.441789176,16.70007243,0
0.442128505,16.66775256,0
0.442468095,16.63565297,0
0.442807946,16.60377275,0
0.443148057,16.57211101,0
0.44348843,16.54066684,0
0.443829064,16.50943932,0
0.44416996,16.47842756,0
0.444511118,16.44763063,0
0.444852537,16.41704761,0
0.445194219,16.38667759,0
0.445536164,16.35651964,0
0.445878371,16.32657284,0
0.446220841,16.29683626,0
0.446563573,16.26730897,0
0.44690657,16.23799003,0
0.447249829,16.20887851,0
0.447593352,16.17997347,0
0.44793714,16.15127397,0
0.448281191,16.12277906,0
0.448625506,16.0944878,0
0.448970086,16.06639923,0
0.449314931,16.03851242,0
0.44966004,16.01082639,0
0.450005414,15.9833402,0
0.450351054,15.95605289,0
0.450696959,15.92896349,0
0.45104313,15.90207103,0
0.451389567,15.87537457,0
0.45173627,15.84887311,0
0.452083239,15.8225657,0
0.452430475,15.79645136,0
0.452777977,15.77052911,0
0.453125747,15.74479798,0
0.453473783,15.71925698,0
0.453822087,15.69390514,0
0.454170658,15.66874145,0
0.454519497,15.64376495,0
0.454868604,15.61897464,0
0.455217979,15.59436952,0
0.455567623,15.5699486,0
0.455917535,15.5457109,0
0.456267715,15.5216554,0
0.456618165,15.4977811,0
0.456968884,15.47408702,0
0.457319872,15.45057213,0
0.45767113,15.42723544,0
0.458022658,15.40407593,0
0.458374455,15.3810926,0
0.458726523,15.35828443,0
0.459078861,15.33565041,0
0.45943147,15.31318952,0
0.45978435,15.29090074,0
0.460137501,15.26878306,0
0.460490923,15.24683544,0
0.460844616,15.22505687,0
0.461198581,15.20344632,0
0.461552818,15.18200276,0
0.461907327,15.16072516,0
0.462262109,15.1396125,0
0.462617163,15.11866374,0
0.462972489,15.09787784,0
0.463328089,15.07725376,0
0.463683961,15.05679048,0
0.464040107,15.03648695,0
0.464396527,15.01634212,0
0.46475322,14.99635497,0
0.465110187,14.97652443,0
0.465467429,14.95684947,0
0.465824945,14.93732904,0
0.466182735,14.91796209,0
0.4665408,14.89874757,0
0.46689914,14.87968442,0
0.467257756,14.8607716,0
0.467616647,14.84200805,0
0.467975813,14.82339272,0
0.468335256,14.80492454,0
0.468694974,14.78660245,0
0.469054969,14.76842541,0
0.469415241,14.75039234,0
0.469775789,14.73250219,0
0.470136614,14.71475388,0
0.470497716,14.69714637,0
0.470859095,14.67967857,0
0.471220752,14.66234943,0
0.471582687,14.64515787,0
0.4719449,14.62810282,0
0.472307391,14.61118322,0
0.47267016,14.594398,0
0.473033208,14.57774608,0
0.473396535,14.56122638,0
0.473760141,14.54483784,0
0.474124026,14.52857937,0
0.474488191,14.51244991,0
0.474852636,14.49644838,0
0.47521736,14.48057369,0
0.475582365,14.46482477,0
0.47594765,14.44920054,0
0.476313215,14.43369992,0
0.476679061,14.41832183,0
0.477045188,14.40306518,0
0.477411597,14.3879289,0
0.477778287,14.3729119,0
0.478145258,14.3580131,0
0.478512512,14.34323141,0
0.478880047,14.32856575,0
0.479247865,14.31401504,0
0.479615965,14.29957818,0
0.479984348,14.2852541,0
0.480353014,14.2710417,0
0.480721963,14.2569399,0
0.481091196,14.24294761,0
0.481460712,14.22906374,0
0.481830512,14.21528721,0
0.482200596,14.20161692,0
0.482570964,14.18805179,0
0.482941617,14.17459073,0
0.483312554,14.16123265,0
0.483683776,14.14797645,0
0.484055284,14.13482106,0
0.484427076,14.12176537,0
0.484799155,14.10880831,0
0.485171519,14.09594877,0
0.485544169,14.08318568,0
0.485917105,14.07051794,0
0.486290328,14.05794445,0
0.486663838,14.04546414,0
0.487037634,14.0330759,0
0.487411717,14.02077866,0
0.487786088,14.00857132,0
0.488160746,13.99645279,0
0.488535692,13.98442198,0
0.488910926,13.9724778,0
0.489286449,13.96061917,0
0.489662259,13.94884499,0
0.490038359,13.93715418,0
0.490414747,13.92554565,0
0.490791424,13.91401831,0
0.491168391,13.90257108,0
0.491545647,13.89120286,0
0.491923193,13.87991258,0
0.492301029,13.86869914,0
0.492679155,13.85756146,0
0.493057572,13.84649846,0
0.493436279,13.83550905,0
0.493815277,13.82459215,0
0.494194566,13.81374668,0
0.494574147,13.80297155,0
0.494954019,13.79226569,0
0.495334183,13.781628,0
0.495714639,13.77105742,0
0.496095387,13.76055286,0
0.496476427,13.75011325,0
0.49685776,13.73973751,0
0.497239386,13.72942455,0
0.497621306,13.71917332,0
0.498003518,13.70898272,0
0.498386024,13.69885169,0
0.498768824,13.68877916,0
0.499151918,13.67876406,0
0.499535306,13.6688053,0
0.499918989,13.65890183,0
0.500302966,13.64905258,0
0.500687238,13.63925648,0
0.501071806,13.62951246,0
0.501456669,13.61981946,0
0.501841827,13.61017642,0
0.502227281,13.60058227,0
0.502613032,13.59103596,0
0.502999078,13.58153642,0
0.503385421,13.5720826,0
0.503772061,13.56267344,0
0.504158998,13.55330789,0
0.504546232,13.5439849,0
0.504933763,13.5347034,0
0.505321592,13.52546236,0
0.505709719,13.51626072,0
0.506098144,13.50709744,0
0.506486868,13.49797147,0
0.50687589,13.48888177,0
0.507265211,13.4798273,0
0.50765483,13.47080701,0
0.508044749,13.46181987,0
0.508434968,13.45286485,0
0.508825486,13.4439409,0
0.509216304,13.435047,0
0.509607423,13.42618211,0
0.509998842,13.41734521,0
0.510390561,13.40853527,0
0.510782581,13.39975126,0
0.511174903,13.39099217,0
0.511567526,13.38225697,0
0.51196045,13.37354465,0
0.512353676,13.36485418,0
0.512747204,13.35618455,0
0.513141035,13.34753476,0
0.513535168,13.33890379,0
0.513929603,13.33029064,0
0.514324342,13.3216943,0
0.514719384,13.31311376,0
0.515114729,13.30454804,0
0.515510378,13.29599613,0
0.51590633,13.28745703,0
0.516302587,13.27892976,0
0.516699149,13.27041332,0
0.517096014,13.26190672,0
0.517493185,13.25340899,0
0.517890661,13.24491913,0
0.518288442,13.23643617,0
0.518686528,13.22795914,0
0.519084921,13.21948705,0
0.519483619,13.21101893,0
0.519882623,13.20255383,0
0.520281934,13.19409076,0
0.520681552,13.18562878,0
0.521081477,13.17716691,0
0.521481708,13.1687042,0
0.521882248,13.1602397,0
0.522283095,13.15177245,0
0.522684249,13.14330151,0
0.523085712,13.13482593,0
0.523487483,13.12634477,0
0.523889563,13.11785709,0
0.524291952,13.10936195,0
0.524694649,13.10085843,0
0.525097656,13.09234559,0
0.525500973,13.0838225,0
0.525904599,13.07528825,0
0.526308536,13.0667419,0
0.526712782,13.05818256,0
0.527117339,13.0496093,0
0.527522207,13.04102121,0
0.527927386,13.03241739,0
0.528332876,13.02379693,0
0.528738677,13.01515894,0
0.529144791,13.00650253,0
0.529551216,12.99782678,0
0.529957953,12.98913083,0
0.530365002,12.98041379,0
0.530772365,12.97167476,0
0.53118004,12.96291289,0
0.531588028,12.95412728,0
0.53199633,12.94531708,0
0.532404945,12.93648141,0
0.532813874,12.92761942,0
0.533223117,12.91873024,0
0.533632675,12.90981303,0
0.534042547,12.90086692,0
0.534452734,12.89189107,0
0.534863236,12.88288465,0
0.535274053,12.87384681,0
0.535685186,12.86477671,0
0.536096635,12.85567352,0
0.536508399,12.84653643,0
0.53692048,12.8373646,0
0.537332878,12.82815722,0
0.537745592,12.81891348,0
0.538158623,12.80963256,0
0.538571971,12.80031365,0
0.538985637,12.79095596,0
0.539399621,12.7815587,0
0.539813922,12.77212106,0
0.540228542,12.76264225,0
0.540643481,12.75312151,0
0.541058737,12.74355803,0
0.541474313,12.73395106,0
0.541890209,12.72429982,0
0.542306423,12.71460353,0
0.542722957,12.70486146,0
0.543139811,12.69507282,0
0.543556986,12.68523688,0
0.543974481,12.67535288,0
0.544392296,12.66542009,0
0.544810432,12.65543776,0
0.54522889,12.64540515,0
0.545647669,12.63532155,0
0.546066769,12.62518623,0
0.546486192,12.61499846,0
0.546905937,12.60475754,0
0.547326004,12.59446275,0
0.547746393,12.58411339,0
0.548167106,12.57370876,0
0.548588141,12.56324817,0
0.549009501,12.55273092,0
0.549431183,12.54215633,0
0.54985319,12.53152372,0
0.550275521,12.52083241,0
0.550698176,12.51008175,0
0.551121156,12.49927105,0
0.55154446,12.48839967,0
0.55196809,12.47746695,0
0.552392045,12.46647223,0
0.552816326,12.45541489,0
0.553240933,12.44429426,0
0.553665865,12.43310974,0
0.554091125,12.42186068,0
0.55451671,12.41054646,0
0.554942623,12.39916648,0
0.555368863,12.3877201,0
0.55579543,12.37620674,0
0.556222325,12.36462578,0
0.556649548,12.35297664,0
0.557077099,12.34125871,0
0.557504978,12.32947143,0
0.557933186,12.3176142,0
0.558361723,12.30568646,0
0.558790589,12.29368764,0
0.559219784,12.28161717,0
0.559649309,12.26947451,0
0.560079164,12.25725909,0
0.560509349,12.24497037,0
0.560939865,12.23260782,0
0.561370711,12.22017089,0
0.561801888,12.20765907,0
0.562233396,12.19507183,0
0.562665236,12.18240865,0
0.563097407,12.16966902,0
0.563529911,12.15685244,0
0.563962746,12.14395841,0
0.564395914,12.13098643,0
0.564829415,12.11793602,0
0.565263249,12.1048067,0
0.565697416,12.09159799,0
0.566131916,12.07830942,0
0.56656675,12.06494053,0
0.567001918,12.05149086,0
0.567437421,12.03795996,0
0.567873257,12.02434739,0
0.568309429,12.0106527,0
0.568745936,11.99687547,0
0.569182777,11.98301526,0
0.569619955,11.96907166,0
0.570057468,11.95504424,0
0.570495317,11.94093261,0
0.570933503,11.92673636,0
0.571372025,11.9124551,0
0.571810884,11.89808842,0
0.57225008,11.88363596,0
0.572689613,11.86909733,0
0.573129484,11.85447216,0
0.573569693,11.83976009,0
0.57401024,11.82496076,0
0.574451125,11.81007381,0
0.574892349,11.79509891,0
0.575333912,11.78003571,0
0.575775814,11.76488387,0
0.576218055,11.74964308,0
0.576660636,11.73431301,0
0.577103557,11.71889335,0
0.577546818,11.70338378,0
0.57799042,11.68778402,0
0.578434362,11.67209377,0
0.578878646,11.65631273,0
0.57932327,11.64044063,0
0.579768236,11.62447719,0
0.580213544,11.60842214,0
0.580659194,11.59227522,0
0.581105186,11.57603619,0
0.581551521,11.55970478,0
0.581998199,11.54328075,0
0.582445219,11.52676388,0
0.582892583,11.51015392,0
0.583340291,11.49345067,0
0.583788343,11.4766539,0
0.584236738,11.45976341,0
0.584685478,11.44277899,0
0.585134563,11.42570045,0
0.585583993,11.4085276,0
0.586033767,11.39126025,0
0.586483888,11.37389824,0
0.586934354,11.35644138,0
0.587385166,11.33888953,0
0.587836324,11.32124252,0
0.588287829,11.30350021,0
0.58873968,11.28566246,0
0.589191879,11.26772912,0
0.589644425,11.24970008,0
0.590097319,11.23157521,0
0.59055056,11.21335439,0
0.59100415,11.19503752,0
0.591458088,11.1766245,0
0.591912374,11.15811523,0
0.59236701,11.13950962,0
0.592821994,11.1208076,0
0.593277329,11.10200909,0
0.593733013,11.08311402,0
0.594189046,11.06412234,0
0.594645431,11.04503398,0
0.595102165,11.02584891,0
0.595559251,11.00656709,0
0.596016688,10.98718847,0
0.596474475,10.96771304,0
0.596932615,10.94814077,0
0.597391107,10.92847166,0
0.59784995,10.9087057,0
0.598309146,10.88884288,0
0.598768695,10.86888323,0
0.599228597,10.84882675,0
0.599688852,10.82867346,0
0.60014946,10.8084234,0
0.600610422,10.7880766,0
0.601071739,10.7676331,0
0.601533409,10.74709295,0
0.601995435,10.72645622,0
0.602457815,10.70572295,0
0.60292055,10.68489323,0
0.603383641,10.66396713,0
0.603847087,10.64294473,0
0.604310889,10.62182612,0
0.604775048,10.60061141,0
0.605239563,10.5793007,0
0.605704435,10.55789409,0
0.606169664,10.53639171,0
0.60663525,10.51479368,0
0.607101194,10.49310013,0
0.607567496,10.47131121,0
0.608034156,10.44942705,0
0.608501174,10.42744781,0
0.608968551,10.40537365,0
0.609436287,10.38320474,0
0.609904382,10.36094125,0
0.610372837,10.33858335,0
0.610841652,10.31613124,0
0.611310827,10.2935851,0
0.611780362,10.27094515,0
0.612250257,10.24821157,0
0.612720514,10.2253846,0
0.613191132,10.20246444,0
0.613662111,10.17945133,0
0.614133452,10.1563455,0
0.614605155,10.13314719,0
0.615077221,10.10985664,0
0.615549649,10.08647412,0
0.616022439,10.06299988,0
0.616495593,10.03943419,0
0.616969111,10.01577732,0
0.617442992,9.992029552,0
0.617917237,9.968191178,0
0.618391846,9.944262489,0
0.61886682,9.920243787,0
0.619342159,9.896135377,0
0.619817863,9.871937575,0
0.620293932,9.847650699,0
0.620770367,9.823275078,0
0.621247167,9.798811045,0
0.621724334,9.77425894,0
0.622201868,9.749619109,0
0.622679768,9.724891906,0
0.623158035,9.700077689,0
0.62363667,9.675176826,0
0.624115672,9.650189688,0
0.624595042,9.625116654,0
0.625074781,9.59995811,0
0.625554888,9.574714448,0
0.626035363,9.549386065,0
0.626516208,9.523973366,0
0.626997422,9.498476761,0
0.627479006,9.472896668,0
0.627960959,9.447233511,0
0.628443283,9.421487718,0
0.628925977,9.395659726,0
0.629409042,9.369749977,0
0.629892478,9.343758919,0
0.630376285,9.317687007,0
0.630860464,9.291534701,0
0.631345015,9.265302469,0
0.631829938,9.238990783,0
0.632315233,9.212600122,0
0.632800901,9.186130972,0
0.633286942,9.159583823,0
0.633773357,9.132959174,0
0.634260145,9.106257526,0
0.634747307,9.079479389,0
0.635234843,9.052625279,0
0.635722754,9.025695715,0
0.636211039,8.998691226,0
0.636699699,8.971612343,0
0.637188735,8.944459606,0
0.637678147,8.917233559,0
0.638167934,8.889934751,0
0.638658097,8.862563739,0
0.639148637,8.835121085,0
0.639639554,8.807607355,0
0.640130848,8.780023122,0
0.640622519,8.752368966,0
0.641114568,8.72464547,0
0.641606994,8.696853223,0
0.642099799,8.668992822,0
0.642592983,8.641064866,0
0.643086545,8.613069962,0
0.643580486,8.585008722,0
0.644074807,8.556881762,0
0.644569507,8.528689706,0
0.645064588,8.500433179,0
0.645560049,8.472112816,0
0.64605589,8.443729255,0
0.646552112,8.415283139,0
0.647048715,8.386775117,0
0.6475457,8.358205843,0
0.648043066,8.329575974,0
0.648540814,8.300886177,0
0.649038945,8.272137118,0
0.649537458,8.243329473,0
0.650036354,8.21446392,0
0.650535634,8.185541144,0
0.651035296,8.156561832,0
0.651535343,8.127526679,0
0.652035774,8.098436382,0
0.652536589,8.069291646,0
0.653037789,8.040093178,0
0.653539373,8.01084169,0
0.654041343,7.9815379,0
0.654543699,7.952182529,0
0.65504644,7.922776305,0
0.655549567,7.893319957,0
0.656053081,7.863814221,0
0.656556982,7.834259837,0
0.65706127,7.804657549,0
0.657565945,7.775008106,0
0.658071007,7.74531226,0
0.658576458,7.715570768,0
0.659082297,7.685784392,0
0.659588524,7.655953897,0
0.66009514,7.626080052,0
0.660602146,7.596163632,0
0.66110954,7.566205413,0
0.661617325,7.536206178,0
0.662125499,7.506166712,0
0.662634064,7.476087804,0
0.663143019,7.445970248,0
0.663652366,7.41581484,0
0.664162103,7.385622382,0
0.664672232,7.355393678,0
0.665182753,7.325129536,0
0.665693666,7.294830767,0
0.666204972,7.264498188,0
0.66671667,7.234132616,0
0.667228761,7.203734873,0
0.667741245,7.173305787,0
0.668254123,7.142846184,0
0.668767395,7.112356898,0
0.669281062,7.081838764,0
0.669795123,7.051292621,0
0.670309578,7.020719309,0
0.670824429,6.990119675,0
0.671339675,6.959494566,0
0.671855317,6.928844832,0
0.672371355,6.898171328,0
0.67288779,6.867474909,0
0.673404621,6.836756437,0
0.673921849,6.806016772,0
0.674439474,6.775256779,0
0.674957497,6.744477326,0
0.675475918,6.713679284,0
0.675994737,6.682863524,0
0.676513954,6.652030922,0
0.67703357,6.621182355,0
0.677553586,6.590318703,0
0.678074,6.559440849,0
0.678594815,6.528549677,0
0.679116029,6.497646074,0
0.679637644,6.466730927,0
0.68015966,6.43580513,0
0.680682076,6.404869573,0
0.681204894,6.373925152,0
0.681728113,6.342972764,0
0.682251734,6.312013307,0
0.682775757,6.281047682,0
0.683300183,6.250076791,0
0.683825012,6.219101538,0
0.684350244,6.188122827,0
0.684875879,6.157141567,0
0.685401918,6.126158665,0
0.68592836,6.095175031,0
0.686455208,6.064191576,0
0.68698246,6.033209214,0
0.687510116,6.002228857,0
0.688038179,5.971251421,0
0.688566646,5.940277822,0
0.68909552,5.909308977,0
0.6896248,5.878345804,0
0.690154486,5.847389221,0
0.69068458,5.81644015,0
0.69121508,5.78549951,0
0.691745988,5.754568224,0
0.692277303,5.723647213,0
0.692809027,5.6927374,0
0.693341159,5.661839708,0
0.6938737,5.630955062,0
0.69440665,5.600084385,0
0.694940009,5.569228603,0
0.695473778,5.538388639,0
0.696007957,5.50756542,0
0.696542546,5.476759871,0
0.697077546,5.445972916,0
0.697612957,5.415205482,0
0.698148779,5.384458495,0
0.698685012,5.353732878,0
0.699221658,5.323029559,0
0.699758715,5.292349461,0
0.700296185,5.26169351,0
0.700834068,5.231062629,0
0.701372364,5.200457744,0
0.701911074,5.169879776,0
0.702450197,5.139329651,0
0.702989734,5.108808289,0
0.703529686,5.078316612,0
0.704070052,5.047855542,0
0.704610834,5.017425999,0
0.705152031,4.987028901,0
0.705693643,4.956665168,0
0.706235672,4.926335717,0
0.706778117,4.896041463,0
0.707320978,4.865783323,0
0.707864257,4.835562209,0
0.708407952,4.805379035,0
0.708952066,4.775234713,0
0.709496597,4.745130151,0
0.710041547,4.71506626,0
0.710586915,4.685043944,0
0.711132702,4.655064111,0
0.711678908,4.625127663,0
0.712225533,4.595235503,0
0.712772579,4.565388531,0
0.713320045,4.535587645,0
0.713867931,4.505833742,0
0.714416238,4.476127716,0
0.714964966,4.446470459,0
0.715514116,4.416862862,0
0.716063687,4.387305812,0
0.716613681,4.357800196,0
0.717164097,4.328346897,0
0.717714936,4.298946796,0
0.718266198,4.269600771,0
0.718817883,4.240309699,0
0.719369992,4.211074454,0
0.719922525,4.181895905,0
0.720475482,4.152774922,0
0.721028864,4.123712369,0
0.721582672,4.094709109,0
0.722136904,4.065766002,0
0.722691563,4.036883904,0
0.723246647,4.008063669,0
0.723802157,3.979306148,0
0.724358095,3.950612187,0
0.724914459,3.921982631,0
0.725471251,3.893418321,0
0.72602847,3.864920093,0
0.726586117,3.836488783,0
0.727144193,3.808125219,0
0.727702697,3.779830231,0
0.728261631,3.751604639,0
0.728820993,3.723449265,0
0.729380785,3.695364924,0
0.729941007,3.667352428,0
0.73050166,3.639412586,0
0.731062743,3.611546201,0
0.731624257,3.583754074,0
0.732186202,3.556037001,0
0.732748579,3.528395775,0
0.733311388,3.500831182,0
0.733874629,3.473344007,0
0.734438303,3.44593503,0
0.73500241,3.418605024,0
0.73556695,3.391354761,0
0.736131923,3.364185007,0
0.736697331,3.337096523,0
0.737263173,3.310090067,0
0.737829449,3.283166389,0
0.738396161,3.256326239,0
0.738963307,3.229570359,0
0.739530889,3.202899486,0
0.740098908,3.176314353,0
0.740667362,3.14981569,0
0.741236253,3.123404218,0
0.741805581,3.097080656,0
0.742375347,3.070845716,0
0.74294555,3.044700107,0
0.743516191,3.01864453,0
0.74408727,2.992679683,0
0.744658788,2.966806257,0
0.745230745,2.941024939,0
0.745803141,2.915336409,0
0.746375977,2.889741344,0
0.746949253,2.864240412,0
0.747522969,2.838834278,0
0.748097125,2.813523601,0
0.748671723,2.788309033,0
0.749246762,2.76319122,0
0.749822243,2.738170805,0
0.750398166,2.713248423,0
0.750974531,2.688424702,0
0.751551339,2.663700266,0
0.75212859,2.639075732,0
0.752706284,2.614551712,0
0.753284422,2.590128811,0
0.753863004,2.565807627,0
0.754442031,2.541588753,0
0.755021502,2.517472775,0
0.755601418,2.493460273,0
0.75618178,2.469551822,0
0.756762587,2.445747987,0
0.757343841,2.422049331,0
0.757925541,2.398456407,0
0.758507687,2.374969762,0
0.759090281,2.351589938,0
0.759673323,2.32831747,0
0.760256812,2.305152884,0
0.760840749,2.282096703,0
0.761425135,2.259149439,0
0.76200997,2.236311602,0
0.762595254,2.21358369,0
0.763180987,2.190966198,0
0.763767171,2.168459613,0
0.764353804,2.146064413,0
0.764940889,2.123781073,0
0.765528424,2.101610057,0
0.76611641,2.079551825,0
0.766704848,2.057606827,0
0.767293738,2.035775508,0
0.76788308,2.014058304,0
0.768472875,1.992455647,0
0.769063123,1.970967958,0
0.769653825,1.949595653,0
0.77024498,1.928339139,0
0.770836589,1.907198818,0
0.771428652,1.886175082,0
0.77202117,1.865268317,0
0.772614144,1.844478901,0
0.773207573,1.823807206,0
0.773801457,1.803253595,0
0.774395798,1.782818422,0
0.774990595,1.762502037,0
0.775585849,1.742304781,0
0.77618156,1.722226985,0
0.776777729,1.702268975,0
0.777374356,1.682431069,0
0.777971441,1.662713577,0
0.778568985,1.643116801,0
0.779166987,1.623641035,0
0.779765449,1.604286566,0
0.780364371,1.585053673,0
0.780963752,1.565942627,0
0.781563594,1.546953691,0
0.782163897,1.52808712,0
0.782764661,1.509343162,0
0.783365886,1.490722058,0
0.783967573,1.472224037,0
0.784569722,1.453849324,0
0.785172334,1.435598136,0
0.785775408,1.417470679,0
0.786378946,1.399467154,0
0.786982947,1.381587752,0
0.787587412,1.363832659,0
0.788192342,1.346202049,0
0.788797736,1.32869609,0
0.789403595,1.311314943,0
0.790009919,1.29405876,0
0.790616709,1.276927684,0
0.791223965,1.259921851,0
0.791831688,1.243041388,0
0.792439877,1.226286417,0
0.793048534,1.209657047,0
0.793657658,1.193153383,0
0.79426725,1.176775521,0
0.79487731,1.160523547,0
0.795487839,1.144397541,0
0.796098836,1.128397575,0
0.796710303,1.112523711,0
0.79732224,1.096776005,0
0.797934646,1.081154503,0
0.798547523,1.065659245,0
0.799160871,1.050290261,0
0.79977469,1.035047574,0
0.80038898,1.0199312,0
0.801003742,1.004941144,0
0.801618976,0.990077406,0
0.802234683,0.975339976,0
0.802850863,0.960728836,0
0.803467516,0.946243962,0
0.804084642,0.931885319,0
0.804702243,0.917652866,0
0.805320318,0.903546554,0
0.805938867,0.889566325,0
0.806557892,0.875712114,0
0.807177393,0.861983848,0
0.807797369,0.848381445,0
0.808417821,0.834904815,0
0.80903875,0.821553863,0
0.809660156,0.808328482,0
0.810282039,0.79522856,0
0.810904399,0.782253976,0
0.811527238,0.769404602,0
0.812150555,0.7566803,0
0.812774351,0.744080928,0
0.813398626,0.731606332,0
0.814023381,0.719256354,0
0.814648615,0.707030825,0
0.815274329,0.694929571,0
0.815900525,0.682952409,0
0.816527201,0.671099148,0
0.817154358,0.659369591,0
0.817781998,0.647763531,0
0.818410119,0.636280756,0
0.819038722,0.624921044,0
0.819667809,0.613684169,0
0.820297379,0.602569893,0
0.820927432,0.591577973,0
0.821557969,0.58070816,0
0.822188991,0.569960195,0
0.822820497,0.559333814,0
0.823452488,0.548828743,0
0.824084965,0.538444703,0
0.824717927,0.528181406,0
0.825351376,0.51803856,0
0.825985311,0.508015861,0
0.826619733,0.498113003,0
0.827254642,0.488329669,0
0.82789004,0.478665537,0
0.828525925,0.469120278,0
0.829162298,0.459693555,0
0.82979916,0.450385024,0
0.830436512,0.441194336,0
0.831074353,0.432121134,0
0.831712683,0.423165054,0
0.832351505,0.414325725,0
0.832990816,0.405602771,0
0.833630619,0.396995807,0
0.834270914,0.388504444,0
0.8349117,0.380128285,0
0.835552978,0.371866927,0
0.836194749,0.363719959,0
0.836837012,0.355686967,0
0.837479769,0.347767527,0
0.83812302,0.339961211,0
0.838766765,0.332267585,0
0.839411004,0.324686207,0
0.840055738,0.317216631,0
0.840700967,0.309858403,0
0.841346692,0.302611065,0
0.841992913,0.295474152,0
0.84263963,0.288447193,0
0.843286844,0.281529711,0
0.843934555,0.274721224,0
0.844582764,0.268021245,0
0.84523147,0.26142928,0
0.845880675,0.254944829,0
0.846530378,0.248567388,0
0.84718058,0.242296448,0
0.847831282,0.236131492,0
0.848482484,0.230072,0
0.849134185,0.224117447,0
0.849786387,0.218267301,0
0.850439091,0.212521025,0
0.851092295,0.20687808,0
0.851746001,0.201337918,0
0.85240021,0.195899988,0
0.85305492,0.190563736,0
0.853710134,0.185328599,0
0.854365851,0.180194014,0
0.855022072,0.175159409,0
0.855678796,0.17022421,0
0.856336025,0.165387839,0
0.856993759,0.160649712,0
0.857651998,0.156009242,0
0.858310743,0.151465835,0
0.858969993,0.147018898,0
0.85962975,0.142667828,0
0.860290014,0.138412021,0
0.860950785,0.134250871,0
0.861612063,0.130183763,0
0.862273849,0.126210084,0
0.862936144,0.122329212,0
0.863598947,0.118540524,0
0.864262259,0.114843394,0
0.864926081,0.111237191,0
0.865590413,0.107721281,0
0.866255255,0.104295027,0
0.866920607,0.100957789,0
0.867586471,0.097708923,0
0.868252846,0.094547781,0
0.868919733,0.091473716,0
0.869587132,0.088486073,0
0.870255043,0.085584196,0
0.870923468,0.082767429,0
0.871592406,0.080035109,0
0.872261858,0.077386572,0
0.872931824,0.074821153,0
0.873602305,0.072338182,0
0.874273301,0.069936989,0
0.874944812,0.0676169,0
0.875616839,0.065377239,0
0.876289382,0.063217328,0
0.876962441,0.061136488,0
0.877636018,0.059134037,0
0.878310112,0.05720929,0
0.878984723,0.055361562,0
0.879659853,0.053590167,0
0.880335501,0.051894415,0
0.881011669,0.050273615,0
0.881688355,0.048727075,0
0.882365562,0.047254103,0
0.883043288,0.045854003,0
0.883721535,0.04452608,0
0.884400304,0.043269636,0
0.885079593,0.042083973,0
0.885759404,0.040968393,0
0.886439737,0.039922195,0
0.887120593,0.038944678,0
0.887801972,0.038035142,0
0.888483874,0.037192883,0
0.8891663,0.036417199,0
0.88984925,0.035707387,0
0.890532725,0.035062743,0
0.891216724,0.034482563,0
0.891901249,0.033966144,0
0.8925863,0.03351278,0
0.893271877,0.033121768,0
0.89395798,0.032792404,0
0.894644611,0.032523982,0
0.895331769,0.032315799,0
0.896019454,0.032167152,0
0.896707668,0.032077337,0
0.897396411,0.032045651,0
0.898085682,0.032071391,0
0.898775483,0.032153856,0
0.899465814,0.032292345,0
0.900156674,0.032486157,0
0.900848066,0.032734592,0
0.901539989,0.033036953,0
0.902232443,0.033392541,0
0.902925429,0.033800659,0
0.903618947,0.034260614,0
0.904312998,0.034771709,0
0.905007581,0.035333253,0
0.905702699,0.035944554,0
0.90639835,0.036604922,0
0.907094536,0.037313669,0
0.907791256,0.038070108,0
0.908488512,0.038873554,0
0.909186303,0.039723323,0
0.90988463,0.040618734,0
0.910583493,0.041559108,0
0.911282893,0.042543767,0
0.911982831,0.043572036,0
0.912683306,0.044643242,0
0.913384319,0.045756713,0
0.91408587,0.046911781,0
0.91478796,0.048107779,0
0.91549059,0.049344044,0
0.916193759,0.050619914,0
0.916897468,0.05193473,0
0.917601718,0.053287836,0
0.918306509,0.05467858,0
0.919011841,0.05610631,0
0.919717715,0.057570378,0
0.920424131,0.05907014,0
0.921131089,0.060604953,0
0.921838591,0.06217418,0
0.922546636,0.063777185,0
0.923255225,0.065413334,0
0.923964358,0.067081999,0
0.924674035,0.068782555,0
0.925384258,0.070514378,0
0.926095026,0.072276849,0
0.926806341,0.074069353,0
0.927518201,0.075891279,0
0.928230609,0.077742017,0
0.928943563,0.079620963,0
0.929657065,0.081527517,0
0.930371116,0.08346108,0
0.931085714,0.085421061,0
0.931800862,0.087406868,0
0.932516558,0.089417918,0
0.933232805,0.091453629,0
0.933949602,0.093513423,0
0.934666949,0.095596728,0
0.935384847,0.097702973,0
0.936103296,0.099831596,0
0.936822298,0.101982034,0
0.937541851,0.104153732,0
0.938261958,0.106346138,0
0.938982617,0.108558705,0
0.93970383,0.11079089,0
0.940425597,0.113042154,0
0.941147918,0.115311963,0
0.941870794,0.117599788,0
0.942594226,0.119905105,0
0.943318213,0.122227394,0
0.944042756,0.124566139,0
0.944767855,0.126920829,0
0.945493512,0.12929096,0
0.946219725,0.13167603,0
0.946946497,0.134075542,0
0.947673827,0.136489007,0
0.948401715,0.138915937,0
0.949130163,0.141355852,0
0.94985917,0.143808275,0
0.950588737,0.146272735,0
0.951318864,0.148748766,0
0.952049552,0.151235906,0
0.952780802,0.1537337,0
0.953512613,0.156241697,0
0.954244986,0.158759451,0
0.954977922,0.161286522,0
0.95571142,0.163822473,0
0.956445482,0.166366876,0
0.957180108,0.168919306,0
0.957915298,0.171479341,0
0.958651053,0.17404657,0
0.959387373,0.176620582,0
0.960124258,0.179200973,0
0.960861709,0.181787346,0
0.961599727,0.184379308,0
0.962338312,0.18697647,0
0.963077464,0.189578451,0
0.963817183,0.192184874,0
0.964557471,0.194795367,0
0.965298328,0.197409564,0
0.966039753,0.200027104,0
0.966781748,0.202647632,0
0.967524313,0.205270799,0
0.968267448,0.20789626,0
0.969011154,0.210523676,0
0.969755432,0.213152712,0
0.97050028,0.215783042,0
0.971245701,0.218414343,0
0.971991695,0.221046296,0
0.972738261,0.223678591,0
0.973485401,0.22631092,0
0.974233115,0.228942983,0
0.974981403,0.231574484,0
0.975730266,0.234205133,0
0.976479704,0.236834644,0
0.977229718,0.239462739,0
0.977980308,0.242089143,0
0.978731474,0.244713587,0
0.979483217,0.247335808,0
0.980235538,0.249955548,0
0.980988436,0.252572554,0
0.981741913,0.255186578,0
0.982495968,0.257797378,0
0.983250603,0.260404718,0
0.984005817,0.263008364,0
0.984761612,0.265608092,0
0.985517986,0.268203679,0
0.986274942,0.270794909,0
0.987032479,0.273381571,0
0.987790598,0.27596346,0
0.9885493,0.278540374,0
0.989308584,0.281112118,0
0.990068451,0.2836785,0
0.990828902,0.286239336,0
0.991589937,0.288794444,0
0.992351556,0.291343649,0
0.993113761,0.293886779,0
0.993876551,0.296423669,0
0.994639927,0.298954158,0
0.995403889,0.301478089,0
0.996168438,0.30399531,0
0.996933574,0.306505675,0
0.997699298,0.309009041,0
0.99846561,0.311505272,0
0.99923251,0.313994233,0
1,0.316475798,0
